tahun;angka
2015.0;93.45
2016.0;92.0138124428
2017.0;95.9587460333
2018.0;102.9774062187
2019.0;92.63
